{
	"credit": "Made with Blockbench",
	"textures": {
		"layer0": "item/blank",
		"layer1": "item/beer"
	},
	"gui_light": "front",
	"elements": [
		{
			"name": "beer_0",
			"from": [6, 0, 1],
			"to": [9, 1, 14],
			"faces": {
				"north": {"uv": [9, 1, 6, 2], "texture": "#layer1"},
				"east": {"uv": [8, 1, 9, 14], "rotation": 90, "texture": "#layer1"},
				"south": {"uv": [6, 13, 9, 14], "texture": "#layer1"},
				"west": {"uv": [6, 1, 7, 14], "rotation": 270, "texture": "#layer1"},
				"up": {"uv": [6, 1, 9, 14], "texture": "#layer1"},
				"down": {"uv": [6, 14, 9, 1], "texture": "#layer1"}
			}
		},
		{
			"name": "beer_1",
			"from": [5, 0, 2],
			"to": [6, 1, 13],
			"faces": {
				"north": {"uv": [6, 2, 5, 3], "texture": "#layer1"},
				"east": {"uv": [5, 2, 6, 13], "rotation": 90, "texture": "#layer1"},
				"south": {"uv": [5, 12, 6, 13], "texture": "#layer1"},
				"west": {"uv": [5, 2, 6, 13], "rotation": 270, "texture": "#layer1"},
				"up": {"uv": [5, 2, 6, 13], "texture": "#layer1"},
				"down": {"uv": [5, 13, 6, 2], "texture": "#layer1"}
			}
		},
		{
			"name": "beer_2",
			"from": [9, 0, 2],
			"to": [11, 1, 13],
			"faces": {
				"north": {"uv": [11, 2, 9, 3], "texture": "#layer1"},
				"east": {"uv": [10, 2, 11, 13], "rotation": 90, "texture": "#layer1"},
				"south": {"uv": [9, 12, 11, 13], "texture": "#layer1"},
				"west": {"uv": [9, 2, 10, 13], "rotation": 270, "texture": "#layer1"},
				"up": {"uv": [9, 2, 11, 13], "texture": "#layer1"},
				"down": {"uv": [9, 13, 11, 2], "texture": "#layer1"}
			}
		},
		{
			"name": "beer_3",
			"from": [4, 0, 3],
			"to": [5, 1, 13],
			"faces": {
				"north": {"uv": [5, 3, 4, 4], "texture": "#layer1"},
				"east": {"uv": [4, 3, 5, 13], "rotation": 90, "texture": "#layer1"},
				"south": {"uv": [4, 12, 5, 13], "texture": "#layer1"},
				"west": {"uv": [4, 3, 5, 13], "rotation": 270, "texture": "#layer1"},
				"up": {"uv": [4, 3, 5, 13], "texture": "#layer1"},
				"down": {"uv": [4, 13, 5, 3], "texture": "#layer1"}
			}
		},
		{
			"name": "beer_4",
			"from": [11, 0, 3],
			"to": [12, 1, 13],
			"faces": {
				"north": {"uv": [12, 3, 11, 4], "texture": "#layer1"},
				"east": {"uv": [11, 3, 12, 13], "rotation": 90, "texture": "#layer1"},
				"south": {"uv": [11, 12, 12, 13], "texture": "#layer1"},
				"west": {"uv": [11, 3, 12, 13], "rotation": 270, "texture": "#layer1"},
				"up": {"uv": [11, 3, 12, 13], "texture": "#layer1"},
				"down": {"uv": [11, 13, 12, 3], "texture": "#layer1"}
			}
		},
		{
			"name": "beer_5",
			"from": [12, 0, 6],
			"to": [13, 1, 7],
			"faces": {
				"north": {"uv": [13, 6, 12, 7], "texture": "#layer1"},
				"east": {"uv": [12, 6, 13, 7], "rotation": 90, "texture": "#layer1"},
				"south": {"uv": [12, 6, 13, 7], "texture": "#layer1"},
				"west": {"uv": [12, 6, 13, 7], "rotation": 270, "texture": "#layer1"},
				"up": {"uv": [12, 6, 13, 7], "texture": "#layer1"},
				"down": {"uv": [12, 7, 13, 6], "texture": "#layer1"}
			}
		},
		{
			"name": "beer_6",
			"from": [13, 0, 7],
			"to": [14, 1, 10],
			"faces": {
				"north": {"uv": [14, 7, 13, 8], "texture": "#layer1"},
				"east": {"uv": [13, 7, 14, 10], "rotation": 90, "texture": "#layer1"},
				"south": {"uv": [13, 9, 14, 10], "texture": "#layer1"},
				"west": {"uv": [13, 7, 14, 10], "rotation": 270, "texture": "#layer1"},
				"up": {"uv": [13, 7, 14, 10], "texture": "#layer1"},
				"down": {"uv": [13, 10, 14, 7], "texture": "#layer1"}
			}
		},
		{
			"name": "beer_7",
			"from": [12, 0, 10],
			"to": [13, 1, 11],
			"faces": {
				"north": {"uv": [13, 10, 12, 11], "texture": "#layer1"},
				"east": {"uv": [12, 10, 13, 11], "rotation": 90, "texture": "#layer1"},
				"south": {"uv": [12, 10, 13, 11], "texture": "#layer1"},
				"west": {"uv": [12, 10, 13, 11], "rotation": 270, "texture": "#layer1"},
				"up": {"uv": [12, 10, 13, 11], "texture": "#layer1"},
				"down": {"uv": [12, 11, 13, 10], "texture": "#layer1"}
			}
		},
		{
			"name": "beer_8",
			"from": [9, 0, 13],
			"to": [10, 1, 14],
			"faces": {
				"north": {"uv": [10, 13, 9, 14], "texture": "#layer1"},
				"east": {"uv": [9, 13, 10, 14], "rotation": 90, "texture": "#layer1"},
				"south": {"uv": [9, 13, 10, 14], "texture": "#layer1"},
				"west": {"uv": [9, 13, 10, 14], "rotation": 270, "texture": "#layer1"},
				"up": {"uv": [9, 13, 10, 14], "texture": "#layer1"},
				"down": {"uv": [9, 14, 10, 13], "texture": "#layer1"}
			}
		}
	],
	"display": {
		"thirdperson_righthand": {
			"rotation": [94.5, 0, 0],
			"translation": [0, 2, 5.25],
			"scale": [0.5, 0.5, 0.5]
		},
		"firstperson_righthand": {
			"rotation": [67.75, 1, 74],
			"translation": [-5.25, 0, 2.25]
		},
		"firstperson_lefthand": {
			"rotation": [67.75, 1, 74]
		},
		"ground": {
			"rotation": [90, 0, 0],
			"translation": [0, 1.5, 5.75],
			"scale": [0.75, 0.75, 0.75]
		},
		"gui": {
			"rotation": [90, 0, 0],
			"translation": [0, 0, 0]
		},
		"head": {
			"rotation": [-98, -12, -173.75],
			"translation": [0.25, 12, 0]
		},
		"fixed": {
			"rotation": [90, 0, 0],
			"translation": [0, -0.5, 10.3],
			"scale": [1.3, 1.3, 1.3]
		}
	},
	"groups": [
		{
			"name": "beer",
			"origin": [8, 8, 8],
			"color": 0,
			"children": [0, 1, 2, 3, 4, 5, 6, 7, 8]
		}
	]
	
}