{
	"credit": "Made with Blockbench",
	"textures": {
		"0": "item/champagne",
		"particle": "item/champagne"
	},
	"gui_light": "front",
	"elements": [
		{
			"name": "champagne_0",
			"from": [5, 0, 1],
			"to": [6, 1, 9],
			"faces": {
				"north": {"uv": [6, 1, 5, 2], "texture": "#0"},
				"east": {"uv": [5, 1, 6, 9], "rotation": 90, "texture": "#0"},
				"south": {"uv": [5, 8, 6, 9], "texture": "#0"},
				"west": {"uv": [5, 1, 6, 9], "rotation": 270, "texture": "#0"},
				"up": {"uv": [5, 1, 6, 9], "texture": "#0"},
				"down": {"uv": [5, 9, 6, 1], "texture": "#0"}
			}
		},
		{
			"name": "champagne_1",
			"from": [10, 0, 1],
			"to": [11, 1, 9],
			"faces": {
				"north": {"uv": [11, 1, 10, 2], "texture": "#0"},
				"east": {"uv": [10, 1, 11, 9], "rotation": 90, "texture": "#0"},
				"south": {"uv": [10, 8, 11, 9], "texture": "#0"},
				"west": {"uv": [10, 1, 11, 9], "rotation": 270, "texture": "#0"},
				"up": {"uv": [10, 1, 11, 9], "texture": "#0"},
				"down": {"uv": [10, 9, 11, 1], "texture": "#0"}
			}
		},
		{
			"name": "champagne_2",
			"from": [6, 0, 2],
			"to": [10, 1, 10],
			"faces": {
				"north": {"uv": [10, 2, 6, 3], "texture": "#0"},
				"east": {"uv": [9, 2, 10, 10], "rotation": 90, "texture": "#0"},
				"south": {"uv": [6, 9, 10, 10], "texture": "#0"},
				"west": {"uv": [6, 2, 7, 10], "rotation": 270, "texture": "#0"},
				"up": {"uv": [6, 2, 10, 10], "texture": "#0"},
				"down": {"uv": [6, 10, 10, 2], "texture": "#0"}
			}
		},
		{
			"name": "champagne_3",
			"from": [7, 0, 10],
			"to": [9, 1, 15],
			"faces": {
				"north": {"uv": [9, 10, 7, 11], "texture": "#0"},
				"east": {"uv": [8, 10, 9, 15], "rotation": 90, "texture": "#0"},
				"south": {"uv": [7, 14, 9, 15], "texture": "#0"},
				"west": {"uv": [7, 10, 8, 15], "rotation": 270, "texture": "#0"},
				"up": {"uv": [7, 10, 9, 15], "texture": "#0"},
				"down": {"uv": [7, 15, 9, 10], "texture": "#0"}
			}
		},
		{
			"name": "champagne_4",
			"from": [6, 0, 12],
			"to": [7, 1, 15],
			"faces": {
				"north": {"uv": [7, 12, 6, 13], "texture": "#0"},
				"east": {"uv": [6, 12, 7, 15], "rotation": 90, "texture": "#0"},
				"south": {"uv": [6, 14, 7, 15], "texture": "#0"},
				"west": {"uv": [6, 12, 7, 15], "rotation": 270, "texture": "#0"},
				"up": {"uv": [6, 12, 7, 15], "texture": "#0"},
				"down": {"uv": [6, 15, 7, 12], "texture": "#0"}
			}
		},
		{
			"name": "champagne_5",
			"from": [9, 0, 12],
			"to": [10, 1, 15],
			"faces": {
				"north": {"uv": [10, 12, 9, 13], "texture": "#0"},
				"east": {"uv": [9, 12, 10, 15], "rotation": 90, "texture": "#0"},
				"south": {"uv": [9, 14, 10, 15], "texture": "#0"},
				"west": {"uv": [9, 12, 10, 15], "rotation": 270, "texture": "#0"},
				"up": {"uv": [9, 12, 10, 15], "texture": "#0"},
				"down": {"uv": [9, 15, 10, 12], "texture": "#0"}
			}
		},
		{
			"name": "champagne_6",
			"from": [5, 0, 13],
			"to": [6, 1, 14],
			"faces": {
				"north": {"uv": [6, 13, 5, 14], "texture": "#0"},
				"east": {"uv": [5, 13, 6, 14], "rotation": 90, "texture": "#0"},
				"south": {"uv": [5, 13, 6, 14], "texture": "#0"},
				"west": {"uv": [5, 13, 6, 14], "rotation": 270, "texture": "#0"},
				"up": {"uv": [5, 13, 6, 14], "texture": "#0"},
				"down": {"uv": [5, 14, 6, 13], "texture": "#0"}
			}
		},
		{
			"name": "champagne_7",
			"from": [10, 0, 13],
			"to": [11, 1, 14],
			"faces": {
				"north": {"uv": [11, 13, 10, 14], "texture": "#0"},
				"east": {"uv": [10, 13, 11, 14], "rotation": 90, "texture": "#0"},
				"south": {"uv": [10, 13, 11, 14], "texture": "#0"},
				"west": {"uv": [10, 13, 11, 14], "rotation": 270, "texture": "#0"},
				"up": {"uv": [10, 13, 11, 14], "texture": "#0"},
				"down": {"uv": [10, 14, 11, 13], "texture": "#0"}
			}
		}
	],
	"display": {
		"thirdperson_righthand": {
			"rotation": [94.5, 0, 0],
			"translation": [0, 2, 5.25],
			"scale": [0.5, 0.5, 0.5]
		},
		"firstperson_righthand": {
			"rotation": [67.75, 1, 74],
			"translation": [-4.75, 5.5, 3],
			"scale": [0.5, 0.75, 0.5]
		},
		"firstperson_lefthand": {
			"rotation": [67.75, 1, 74]
		},
		"ground": {
			"rotation": [90, 0, 0],
			"translation": [0, 1.25, 5.75],
			"scale": [0.75, 0.75, 0.75]
		},
		"gui": {
			"rotation": [90, 0, 0],
			"translation": [0, 0, 80]
		},
		"head": {
			"rotation": [90, 0, 0],
			"translation": [0.25, 12, 8.25]
		},
		"fixed": {
			"rotation": [90, 0, 0],
			"translation": [0, -0.5, 7]
		}
	},
	"groups": [
		{
			"name": "champagne",
			"origin": [8, 8, 8],
			"color": 0,
			"children": [0, 1, 2, 3, 4, 5, 6, 7]
		}
	]
}