{
	"credit": "Made with Blockbench",
	"textures": {
		"layer0": "item/blank",
		"layer1": "item/cocktail"
	},
	"gui_light": "front",
	"elements": [
		{
			"name": "cocktail_0",
			"from": [11, 0, 1],
			"to": [14, 1, 4],
			"faces": {
				"north": {"uv": [14, 1, 11, 2], "texture": "#layer1"},
				"east": {"uv": [13, 1, 14, 4], "rotation": 90, "texture": "#layer1"},
				"south": {"uv": [11, 3, 14, 4], "texture": "#layer1"},
				"west": {"uv": [11, 1, 12, 4], "rotation": 270, "texture": "#layer1"},
				"up": {"uv": [11, 1, 14, 4], "texture": "#layer1"},
				"down": {"uv": [11, 4, 14, 1], "texture": "#layer1"}
			}
		},
		{
			"name": "cocktail_1",
			"from": [3, 0, 2],
			"to": [11, 1, 4],
			"faces": {
				"north": {"uv": [11, 2, 3, 3], "texture": "#layer1"},
				"east": {"uv": [10, 2, 11, 4], "rotation": 90, "texture": "#layer1"},
				"south": {"uv": [3, 3, 11, 4], "texture": "#layer1"},
				"west": {"uv": [3, 2, 4, 4], "rotation": 270, "texture": "#layer1"},
				"up": {"uv": [3, 2, 11, 4], "texture": "#layer1"},
				"down": {"uv": [3, 4, 11, 2], "texture": "#layer1"}
			}
		},
		{
			"name": "cocktail_2",
			"from": [4, 0, 4],
			"to": [12, 1, 5],
			"faces": {
				"north": {"uv": [12, 4, 4, 5], "texture": "#layer1"},
				"east": {"uv": [11, 4, 12, 5], "rotation": 90, "texture": "#layer1"},
				"south": {"uv": [4, 4, 12, 5], "texture": "#layer1"},
				"west": {"uv": [4, 4, 5, 5], "rotation": 270, "texture": "#layer1"},
				"up": {"uv": [4, 4, 12, 5], "texture": "#layer1"},
				"down": {"uv": [4, 5, 12, 4], "texture": "#layer1"}
			}
		},
		{
			"name": "cocktail_3",
			"from": [5, 0, 5],
			"to": [11, 1, 6],
			"faces": {
				"north": {"uv": [11, 5, 5, 6], "texture": "#layer1"},
				"east": {"uv": [10, 5, 11, 6], "rotation": 90, "texture": "#layer1"},
				"south": {"uv": [5, 5, 11, 6], "texture": "#layer1"},
				"west": {"uv": [5, 5, 6, 6], "rotation": 270, "texture": "#layer1"},
				"up": {"uv": [5, 5, 11, 6], "texture": "#layer1"},
				"down": {"uv": [5, 6, 11, 5], "texture": "#layer1"}
			}
		},
		{
			"name": "cocktail_4",
			"from": [6, 0, 6],
			"to": [10, 1, 7],
			"faces": {
				"north": {"uv": [10, 6, 6, 7], "texture": "#layer1"},
				"east": {"uv": [9, 6, 10, 7], "rotation": 90, "texture": "#layer1"},
				"south": {"uv": [6, 6, 10, 7], "texture": "#layer1"},
				"west": {"uv": [6, 6, 7, 7], "rotation": 270, "texture": "#layer1"},
				"up": {"uv": [6, 6, 10, 7], "texture": "#layer1"},
				"down": {"uv": [6, 7, 10, 6], "texture": "#layer1"}
			}
		},
		{
			"name": "cocktail_5",
			"from": [7, 0, 7],
			"to": [9, 1, 15],
			"faces": {
				"north": {"uv": [9, 7, 7, 8], "texture": "#layer1"},
				"east": {"uv": [8, 7, 9, 15], "rotation": 90, "texture": "#layer1"},
				"south": {"uv": [7, 14, 9, 15], "texture": "#layer1"},
				"west": {"uv": [7, 7, 8, 15], "rotation": 270, "texture": "#layer1"},
				"up": {"uv": [7, 7, 9, 15], "texture": "#layer1"},
				"down": {"uv": [7, 15, 9, 7], "texture": "#layer1"}
			}
		},
		{
			"name": "cocktail_6",
			"from": [6, 0, 12],
			"to": [7, 1, 15],
			"faces": {
				"north": {"uv": [7, 12, 6, 13], "texture": "#layer1"},
				"east": {"uv": [6, 12, 7, 15], "rotation": 90, "texture": "#layer1"},
				"south": {"uv": [6, 14, 7, 15], "texture": "#layer1"},
				"west": {"uv": [6, 12, 7, 15], "rotation": 270, "texture": "#layer1"},
				"up": {"uv": [6, 12, 7, 15], "texture": "#layer1"},
				"down": {"uv": [6, 15, 7, 12], "texture": "#layer1"}
			}
		},
		{
			"name": "cocktail_7",
			"from": [9, 0, 12],
			"to": [10, 1, 15],
			"faces": {
				"north": {"uv": [10, 12, 9, 13], "texture": "#layer1"},
				"east": {"uv": [9, 12, 10, 15], "rotation": 90, "texture": "#layer1"},
				"south": {"uv": [9, 14, 10, 15], "texture": "#layer1"},
				"west": {"uv": [9, 12, 10, 15], "rotation": 270, "texture": "#layer1"},
				"up": {"uv": [9, 12, 10, 15], "texture": "#layer1"},
				"down": {"uv": [9, 15, 10, 12], "texture": "#layer1"}
			}
		},
		{
			"name": "cocktail_8",
			"from": [5, 0, 13],
			"to": [6, 1, 14],
			"faces": {
				"north": {"uv": [6, 13, 5, 14], "texture": "#layer1"},
				"east": {"uv": [5, 13, 6, 14], "rotation": 90, "texture": "#layer1"},
				"south": {"uv": [5, 13, 6, 14], "texture": "#layer1"},
				"west": {"uv": [5, 13, 6, 14], "rotation": 270, "texture": "#layer1"},
				"up": {"uv": [5, 13, 6, 14], "texture": "#layer1"},
				"down": {"uv": [5, 14, 6, 13], "texture": "#layer1"}
			}
		},
		{
			"name": "cocktail_9",
			"from": [10, 0, 13],
			"to": [11, 1, 14],
			"faces": {
				"north": {"uv": [11, 13, 10, 14], "texture": "#layer1"},
				"east": {"uv": [10, 13, 11, 14], "rotation": 90, "texture": "#layer1"},
				"south": {"uv": [10, 13, 11, 14], "texture": "#layer1"},
				"west": {"uv": [10, 13, 11, 14], "rotation": 270, "texture": "#layer1"},
				"up": {"uv": [10, 13, 11, 14], "texture": "#layer1"},
				"down": {"uv": [10, 14, 11, 13], "texture": "#layer1"}
			}
		}
	],
	"display": {
		"thirdperson_righthand": {
			"rotation": [94.5, 0, 0],
			"translation": [0, 2, 5.25],
			"scale": [0.5, 0.5, 0.5]
		},
		"firstperson_righthand": {
			"rotation": [67.75, 1, 74],
			"translation": [-5.25, 5, 2.25],
			"scale": [0.5, 0.5, 0.5]
		},
		"firstperson_lefthand": {
			"rotation": [67.75, 1, 74]
		},
		"ground": {
			"rotation": [90, 0, 0],
			"translation": [0, 1.25, 5.75],
			"scale": [0.75, 0.75, 0.75]
		},
		"gui": {
			"rotation": [90, 0, 0],
			"translation": [0, 0, 80]
		},
		"head": {
			"rotation": [-98, -12, -173.75],
			"translation": [0.25, 12, 0]
		},
		"fixed": {
			"rotation": [90, 0, 0],
			"translation": [0, -0.5, 7]
		}
	},
	"groups": [
		{
			"name": "cocktail",
			"origin": [8, 8, 8],
			"color": 0,
			"children": [0, 1, 2, 3, 4, 5, 6, 7, 8, 9]
		}
	]
}