{
	"credit": "Made with Blockbench",
	"textures": {
		"layer0": "item/blank",
		"layer1": "item/wine"
	},
	"gui_light": "front",
	"elements": [
		{
			"name": "wine_1",
			"from": [5, 0, 1],
			"to": [6, 1, 2],
			"faces": {
				"north": {"uv": [6, 1, 5, 2], "texture": "#layer1"},
				"east": {"uv": [5, 1, 6, 2], "rotation": 90, "texture": "#layer1"},
				"south": {"uv": [5, 1, 6, 2], "texture": "#layer1"},
				"west": {"uv": [5, 1, 6, 2], "rotation": 270, "texture": "#layer1"},
				"up": {"uv": [5, 1, 6, 2], "texture": "#layer1"},
				"down": {"uv": [5, 2, 6, 1], "texture": "#layer1"}
			}
		},
		{
			"name": "wine_2",
			"from": [10, 0, 1],
			"to": [11, 1, 2],
			"faces": {
				"north": {"uv": [11, 1, 10, 2], "texture": "#layer1"},
				"east": {"uv": [10, 1, 11, 2], "rotation": 90, "texture": "#layer1"},
				"south": {"uv": [10, 1, 11, 2], "texture": "#layer1"},
				"west": {"uv": [10, 1, 11, 2], "rotation": 270, "texture": "#layer1"},
				"up": {"uv": [10, 1, 11, 2], "texture": "#layer1"},
				"down": {"uv": [10, 2, 11, 1], "texture": "#layer1"}
			}
		},
		{
			"name": "wine_3",
			"from": [4, 0, 2],
			"to": [5, 1, 7],
			"faces": {
				"north": {"uv": [5, 2, 4, 3], "texture": "#layer1"},
				"east": {"uv": [4, 2, 5, 7], "rotation": 90, "texture": "#layer1"},
				"south": {"uv": [4, 6, 5, 7], "texture": "#layer1"},
				"west": {"uv": [4, 2, 5, 7], "rotation": 270, "texture": "#layer1"},
				"up": {"uv": [4, 2, 5, 7], "texture": "#layer1"},
				"down": {"uv": [4, 7, 5, 2], "texture": "#layer1"}
			}
		},
		{
			"name": "wine_5",
			"from": [11, 0, 2],
			"to": [12, 1, 7],
			"faces": {
				"north": {"uv": [12, 2, 11, 3], "texture": "#layer1"},
				"east": {"uv": [11, 2, 12, 7], "rotation": 90, "texture": "#layer1"},
				"south": {"uv": [11, 6, 12, 7], "texture": "#layer1"},
				"west": {"uv": [11, 2, 12, 7], "rotation": 270, "texture": "#layer1"},
				"up": {"uv": [11, 2, 12, 7], "texture": "#layer1"},
				"down": {"uv": [11, 7, 12, 2], "texture": "#layer1"}
			}
		},
		{
			"name": "wine_6",
			"from": [5, 0, 5],
			"to": [11, 1, 8],
			"faces": {
				"north": {"uv": [11, 5, 5, 6], "texture": "#layer1"},
				"east": {"uv": [10, 5, 11, 8], "rotation": 90, "texture": "#layer1"},
				"south": {"uv": [5, 7, 11, 8], "texture": "#layer1"},
				"west": {"uv": [5, 5, 6, 8], "rotation": 270, "texture": "#layer1"},
				"up": {"uv": [5, 5, 11, 8], "texture": "#layer1"},
				"down": {"uv": [5, 8, 11, 5], "texture": "#layer1"}
			}
		},
		{
			"name": "wine_7",
			"from": [6, 0, 8],
			"to": [10, 1, 9],
			"faces": {
				"north": {"uv": [10, 8, 6, 9], "texture": "#layer1"},
				"east": {"uv": [9, 8, 10, 9], "rotation": 90, "texture": "#layer1"},
				"south": {"uv": [6, 8, 10, 9], "texture": "#layer1"},
				"west": {"uv": [6, 8, 7, 9], "rotation": 270, "texture": "#layer1"},
				"up": {"uv": [6, 8, 10, 9], "texture": "#layer1"},
				"down": {"uv": [6, 9, 10, 8], "texture": "#layer1"}
			}
		},
		{
			"name": "wine_8",
			"from": [7, 0, 9],
			"to": [9, 1, 15],
			"faces": {
				"north": {"uv": [9, 9, 7, 10], "texture": "#layer1"},
				"east": {"uv": [8, 9, 9, 15], "rotation": 90, "texture": "#layer1"},
				"south": {"uv": [7, 14, 9, 15], "texture": "#layer1"},
				"west": {"uv": [7, 9, 8, 15], "rotation": 270, "texture": "#layer1"},
				"up": {"uv": [7, 9, 9, 15], "texture": "#layer1"},
				"down": {"uv": [7, 15, 9, 9], "texture": "#layer1"}
			}
		},
		{
			"name": "wine_9",
			"from": [6, 0, 12],
			"to": [7, 1, 15],
			"faces": {
				"north": {"uv": [7, 12, 6, 13], "texture": "#layer1"},
				"east": {"uv": [6, 12, 7, 15], "rotation": 90, "texture": "#layer1"},
				"south": {"uv": [6, 14, 7, 15], "texture": "#layer1"},
				"west": {"uv": [6, 12, 7, 15], "rotation": 270, "texture": "#layer1"},
				"up": {"uv": [6, 12, 7, 15], "texture": "#layer1"},
				"down": {"uv": [6, 15, 7, 12], "texture": "#layer1"}
			}
		},
		{
			"name": "wine_10",
			"from": [9, 0, 12],
			"to": [10, 1, 15],
			"faces": {
				"north": {"uv": [10, 12, 9, 13], "texture": "#layer1"},
				"east": {"uv": [9, 12, 10, 15], "rotation": 90, "texture": "#layer1"},
				"south": {"uv": [9, 14, 10, 15], "texture": "#layer1"},
				"west": {"uv": [9, 12, 10, 15], "rotation": 270, "texture": "#layer1"},
				"up": {"uv": [9, 12, 10, 15], "texture": "#layer1"},
				"down": {"uv": [9, 15, 10, 12], "texture": "#layer1"}
			}
		},
		{
			"name": "wine_11",
			"from": [5, 0, 13],
			"to": [6, 1, 14],
			"faces": {
				"north": {"uv": [6, 13, 5, 14], "texture": "#layer1"},
				"east": {"uv": [5, 13, 6, 14], "rotation": 90, "texture": "#layer1"},
				"south": {"uv": [5, 13, 6, 14], "texture": "#layer1"},
				"west": {"uv": [5, 13, 6, 14], "rotation": 270, "texture": "#layer1"},
				"up": {"uv": [5, 13, 6, 14], "texture": "#layer1"},
				"down": {"uv": [5, 14, 6, 13], "texture": "#layer1"}
			}
		},
		{
			"name": "wine_12",
			"from": [10, 0, 13],
			"to": [11, 1, 14],
			"faces": {
				"north": {"uv": [11, 13, 10, 14], "texture": "#layer1"},
				"east": {"uv": [10, 13, 11, 14], "rotation": 90, "texture": "#layer1"},
				"south": {"uv": [10, 13, 11, 14], "texture": "#layer1"},
				"west": {"uv": [10, 13, 11, 14], "rotation": 270, "texture": "#layer1"},
				"up": {"uv": [10, 13, 11, 14], "texture": "#layer1"},
				"down": {"uv": [10, 14, 11, 13], "texture": "#layer1"}
			}
		}
	],
	"display": {
		"thirdperson_righthand": {
			"rotation": [94.5, 0, 0],
			"translation": [0, 2, 5.25],
			"scale": [0.5, 0.5, 0.5]
		},
		"thirdperson_lefthand": {
			"rotation": [90, 0, 0],
			"translation": [0, 2, 5.25],
			"scale": [0.5, 0.5, 0.5]
		},
		"firstperson_righthand": {
			"rotation": [67.75, 1, 74],
			"translation": [-4.25, 5.75, 3],
			"scale": [0.5, 0.5, 0.5]
		},
		"firstperson_lefthand": {
			"rotation": [67.75, 1, 74]
		},
		"ground": {
			"rotation": [90, 0, 0],
			"translation": [0, 3.25, 5.75],
			"scale": [0.75, 0.75, 0.75]
		},
		"gui": {	
			"rotation": [90, 0, 0],
			"translation": [0, -0.25, 80],
			"scale": [0.9, 0.9, 0.9]
		},
		"head": {
			"rotation": [90, 0, 0],
			"translation": [0.25, 12, 7]
		},
		"fixed": {
			"rotation": [90, 0, 0],
			"translation": [0, -0.5, 7.25]
		}
	},
	"groups": [
		{
			"name": "wine",
			"origin": [8, 8, 8],
			"color": 0,
			"children": [0, 1, 2, 3, 4, 5, 6, 7, 8, 9, 10]
		}
	]
}